463 armenia102 Armenian Armenian1
465 armenia106 Armenian Armenian2
467 armenia139 Armenian Armenian3
469 armenia162 Armenian Armenian4
451 armenia176 Armenian Armenian5
453 armenia191 Armenian Armenian6
457 armenia279 Armenian Armenian7
461 armenia293 Armenian Armenian8
456 armenia86 Armenian Armenian9
460 armenia91 Armenian Armenian10
381 Bar04 Hadza Hadza1
377 Bar08 Hadza Hadza2
378 Bar10 Hadza Hadza3
379 Bar13 Hadza Hadza4
380 End08 Hadza Hadza5
1 Hadza001 Hadza Hadza6
2 Hadza002 Hadza Hadza7
3 Hadza003 Hadza Hadza8
4 Hadza004 Hadza Hadza9
5 Hadza005 Hadza Hadza10
6 Hadza006 Hadza Hadza11
7 Hadza007 Hadza Hadza12
8 Hadza008 Hadza Hadza13
9 Hadza010 Hadza Hadza14
10 Hadza011 Hadza Hadza15
11 Hadza012 Hadza Hadza16
12 Hadza013 Hadza Hadza17
13 Hadza016 Hadza Hadza18
14 Hadza017 Hadza Hadza19
15 Hadza018 Hadza Hadza20
16 Hadza019 Hadza Hadza21
17 Hadza020 Hadza Hadza22
490 HG01595 Kinh Kinh1
491 HG01596 Kinh Kinh2
492 HG01597 Kinh Kinh3
493 HG01598 Kinh Kinh4
489 HG01600 Kinh Kinh5
486 HG01842 Kinh Kinh6
487 HG01844 Kinh Kinh7
488 HG01846 Kinh Kinh8
18 HGDP00001 Brahui Brahui1
19 HGDP00003 Brahui Brahui2
20 HGDP00005 Brahui Brahui3
21 HGDP00007 Brahui Brahui4
22 HGDP00011 Brahui Brahui5
23 HGDP00015 Brahui Brahui6
24 HGDP00017 Brahui Brahui7
25 HGDP00019 Brahui Brahui8
26 HGDP00021 Brahui Brahui9
27 HGDP00023 Brahui Brahui10
28 HGDP00025 Brahui Brahui11
29 HGDP00027 Brahui Brahui12
30 HGDP00031 Brahui Brahui13
31 HGDP00033 Brahui Brahui14
32 HGDP00035 Brahui Brahui15
33 HGDP00037 Brahui Brahui16
34 HGDP00039 Brahui Brahui17
35 HGDP00043 Brahui Brahui18
36 HGDP00045 Brahui Brahui19
37 HGDP00047 Brahui Brahui20
38 HGDP00049 Brahui Brahui21
39 HGDP00052 Balochi Balochi1
40 HGDP00054 Balochi Balochi2
41 HGDP00056 Balochi Balochi3
42 HGDP00058 Balochi Balochi4
43 HGDP00062 Balochi Balochi5
44 HGDP00064 Balochi Balochi6
45 HGDP00066 Balochi Balochi7
46 HGDP00068 Balochi Balochi8
47 HGDP00072 Balochi Balochi9
48 HGDP00074 Balochi Balochi10
49 HGDP00078 Balochi Balochi11
50 HGDP00080 Balochi Balochi12
51 HGDP00082 Balochi Balochi13
52 HGDP00086 Balochi Balochi14
53 HGDP00088 Balochi Balochi15
54 HGDP00090 Balochi Balochi16
55 HGDP00092 Balochi Balochi17
56 HGDP00094 Balochi Balochi18
57 HGDP00096 Balochi Balochi19
58 HGDP00098 Balochi Balochi20
59 HGDP00099 Hazara Hazara1
60 HGDP00103 Hazara Hazara2
61 HGDP00106 Hazara Hazara3
62 HGDP00109 Hazara Hazara4
63 HGDP00110 Hazara Hazara5
64 HGDP00115 Hazara Hazara6
65 HGDP00116 Hazara Hazara7
66 HGDP00118 Hazara Hazara8
67 HGDP00120 Hazara Hazara9
68 HGDP00121 Hazara Hazara10
69 HGDP00122 Hazara Hazara11
70 HGDP00124 Hazara Hazara12
71 HGDP00125 Hazara Hazara13
72 HGDP00127 Hazara Hazara14
73 HGDP00336 Burusho Burusho1
74 HGDP00338 Burusho Burusho2
75 HGDP00341 Burusho Burusho3
76 HGDP00346 Burusho Burusho4
77 HGDP00351 Burusho Burusho5
78 HGDP00356 Burusho Burusho6
79 HGDP00359 Burusho Burusho7
80 HGDP00364 Burusho Burusho8
81 HGDP00371 Burusho Burusho9
82 HGDP00372 Burusho Burusho10
83 HGDP00382 Burusho Burusho11
84 HGDP00388 Burusho Burusho12
85 HGDP00392 Burusho Burusho13
86 HGDP00402 Burusho Burusho14
87 HGDP00407 Burusho Burusho15
88 HGDP00412 Burusho Burusho16
89 HGDP00417 Burusho Burusho17
90 HGDP00423 Burusho Burusho18
91 HGDP00428 Burusho Burusho19
92 HGDP00433 Burusho Burusho20
93 HGDP00438 Burusho Burusho21
94 HGDP00444 Burusho Burusho22
95 HGDP00445 Burusho Burusho23
96 HGDP00449 Mbuti Mbuti1
97 HGDP00454 Biaka Biaka1
98 HGDP00455 Biaka Biaka2
99 HGDP00457 Biaka Biaka3
100 HGDP00458 Biaka Biaka4
101 HGDP00459 Biaka Biaka5
102 HGDP00460 Biaka Biaka6
103 HGDP00461 Biaka Biaka7
104 HGDP00462 Mbuti Mbuti2
105 HGDP00463 Mbuti Mbuti3
106 HGDP00464 Biaka Biaka8
107 HGDP00465 Biaka Biaka9
108 HGDP00466 Biaka Biaka10
109 HGDP00467 Mbuti Mbuti4
110 HGDP00469 Biaka Biaka11
111 HGDP00470 Biaka Biaka12
112 HGDP00472 Biaka Biaka13
113 HGDP00473 Biaka Biaka14
114 HGDP00474 Mbuti Mbuti5
115 HGDP00475 Biaka Biaka15
116 HGDP00476 Mbuti Mbuti6
117 HGDP00478 Mbuti Mbuti7
118 HGDP00511 French French1
119 HGDP00512 French French2
120 HGDP00513 French French3
121 HGDP00514 French French4
122 HGDP00515 French French5
123 HGDP00516 French French6
124 HGDP00517 French French7
125 HGDP00518 French French8
126 HGDP00519 French French9
127 HGDP00522 French French10
128 HGDP00523 French French11
129 HGDP00524 French French12
130 HGDP00525 French French13
131 HGDP00526 French French14
132 HGDP00527 French French15
133 HGDP00528 French French16
134 HGDP00529 French French17
135 HGDP00531 French French18
136 HGDP00533 French French19
137 HGDP00534 French French20
138 HGDP00535 French French21
139 HGDP00536 French French22
140 HGDP00537 French French23
141 HGDP00538 French French24
142 HGDP00539 French French25
143 HGDP00540 Papuan Papuan1
144 HGDP00541 Papuan Papuan2
145 HGDP00543 Papuan Papuan3
146 HGDP00545 Papuan Papuan4
147 HGDP00546 Papuan Papuan5
148 HGDP00547 Papuan Papuan6
149 HGDP00548 Papuan Papuan7
150 HGDP00549 Papuan Papuan8
151 HGDP00550 Papuan Papuan9
152 HGDP00552 Papuan Papuan10
153 HGDP00553 Papuan Papuan11
154 HGDP00554 Papuan Papuan12
155 HGDP00555 Papuan Papuan13
156 HGDP00556 Papuan Papuan14
157 HGDP00702 Piapoco Piapoco1
158 HGDP00704 Piapoco Piapoco2
159 HGDP00706 Piapoco Piapoco3
160 HGDP00713 Cambodian Cambodian1
161 HGDP00714 Cambodian Cambodian2
162 HGDP00715 Cambodian Cambodian3
163 HGDP00716 Cambodian Cambodian4
164 HGDP00717 Cambodian Cambodian5
165 HGDP00719 Cambodian Cambodian6
166 HGDP00720 Cambodian Cambodian7
167 HGDP00721 Cambodian Cambodian8
168 HGDP00747 Japanese Japanese1
169 HGDP00748 Japanese Japanese2
170 HGDP00749 Japanese Japanese3
171 HGDP00750 Japanese Japanese4
172 HGDP00751 Japanese Japanese5
173 HGDP00752 Japanese Japanese6
174 HGDP00753 Japanese Japanese7
175 HGDP00754 Japanese Japanese8
176 HGDP00755 Japanese Japanese9
177 HGDP00756 Japanese Japanese10
178 HGDP00757 Japanese Japanese11
179 HGDP00758 Japanese Japanese12
180 HGDP00759 Japanese Japanese13
181 HGDP00760 Japanese Japanese14
182 HGDP00761 Japanese Japanese15
183 HGDP00762 Japanese Japanese16
184 HGDP00763 Japanese Japanese17
185 HGDP00764 Japanese Japanese18
186 HGDP00765 Japanese Japanese19
187 HGDP00766 Japanese Japanese20
188 HGDP00767 Japanese Japanese21
189 HGDP00768 Japanese Japanese22
190 HGDP00769 Japanese Japanese23
191 HGDP00771 Japanese Japanese24
192 HGDP00772 Japanese Japanese25
193 HGDP00773 Japanese Japanese26
194 HGDP00774 Han Han1
195 HGDP00775 Han Han2
196 HGDP00776 Han Han3
197 HGDP00777 Han Han4
198 HGDP00779 Han Han5
199 HGDP00780 Han Han6
200 HGDP00781 Han Han7
201 HGDP00782 Han Han8
202 HGDP00783 Han Han9
203 HGDP00784 Han Han10
204 HGDP00785 Han Han11
205 HGDP00786 Han Han12
206 HGDP00790 Japanese Japanese27
207 HGDP00791 Japanese Japanese28
208 HGDP00811 Han Han13
209 HGDP00812 Han Han14
210 HGDP00813 Han Han15
211 HGDP00814 Han Han16
212 HGDP00815 Han Han17
213 HGDP00817 Han Han18
214 HGDP00818 Han Han19
215 HGDP00819 Han Han20
216 HGDP00820 Han Han21
217 HGDP00821 Han Han22
218 HGDP00822 Han Han23
219 HGDP00828 Japanese Japanese29
220 HGDP00832 Surui Surui1
221 HGDP00837 Surui Surui2
222 HGDP00838 Surui Surui3
223 HGDP00843 Surui Surui4
224 HGDP00845 Surui Surui5
225 HGDP00846 Surui Surui6
226 HGDP00849 Surui Surui7
227 HGDP00852 Surui Surui8
228 HGDP00920 Yoruba Yoruba1
229 HGDP00924 Yoruba Yoruba2
230 HGDP00925 Yoruba Yoruba3
231 HGDP00926 Yoruba Yoruba4
232 HGDP00928 Yoruba Yoruba5
233 HGDP00929 Yoruba Yoruba6
234 HGDP00930 Yoruba Yoruba7
235 HGDP00931 Yoruba Yoruba8
236 HGDP00932 Yoruba Yoruba9
237 HGDP00933 Yoruba Yoruba10
238 HGDP00934 Yoruba Yoruba11
239 HGDP00935 Yoruba Yoruba12
240 HGDP00936 Yoruba Yoruba13
241 HGDP00937 Yoruba Yoruba14
242 HGDP00938 Yoruba Yoruba15
243 HGDP00939 Yoruba Yoruba16
244 HGDP00940 Yoruba Yoruba17
245 HGDP00941 Yoruba Yoruba18
246 HGDP00942 Yoruba Yoruba19
247 HGDP00943 Yoruba Yoruba20
248 HGDP00944 Yoruba Yoruba21
249 HGDP00970 Piapoco Piapoco4
250 HGDP00971 Han Han24
251 HGDP00972 Han Han25
252 HGDP00973 Han Han26
253 HGDP00974 Han Han27
254 HGDP00975 Han Han28
255 HGDP00976 Han Han29
256 HGDP00977 Han Han30
257 HGDP00982 Mbuti Mbuti8
258 HGDP00984 Mbuti Mbuti9
259 HGDP00985 Biaka Biaka16
260 HGDP00986 Biaka Biaka17
261 HGDP00995 Karitiana Karitiana1
262 HGDP00999 Karitiana Karitiana2
263 HGDP01001 Karitiana Karitiana3
264 HGDP01003 Karitiana Karitiana4
265 HGDP01006 Karitiana Karitiana5
266 HGDP01010 Karitiana Karitiana6
267 HGDP01012 Karitiana Karitiana7
268 HGDP01013 Karitiana Karitiana8
269 HGDP01014 Karitiana Karitiana9
270 HGDP01015 Karitiana Karitiana10
271 HGDP01018 Karitiana Karitiana11
272 HGDP01019 Karitiana Karitiana12
273 HGDP01021 Han Han31
274 HGDP01023 Han Han32
275 HGDP01024 Han Han33
276 HGDP01037 Pima Pima1
277 HGDP01041 Pima Pima2
278 HGDP01043 Pima Pima3
279 HGDP01044 Pima Pima4
280 HGDP01047 Pima Pima5
281 HGDP01050 Pima Pima6
282 HGDP01051 Pima Pima7
283 HGDP01053 Pima Pima8
284 HGDP01055 Pima Pima9
285 HGDP01056 Pima Pima10
286 HGDP01057 Pima Pima11
287 HGDP01058 Pima Pima12
288 HGDP01059 Pima Pima13
289 HGDP01060 Pima Pima14
290 HGDP01081 Mbuti Mbuti10
291 HGDP01086 Biaka Biaka18
292 HGDP01090 Biaka Biaka19
293 HGDP01094 Biaka Biaka20
294 HGDP01095 Tujia Tujia1
295 HGDP01096 Tujia Tujia2
296 HGDP01097 Tujia Tujia3
297 HGDP01098 Tujia Tujia4
298 HGDP01099 Tujia Tujia5
299 HGDP01100 Tujia Tujia6
300 HGDP01101 Tujia Tujia7
301 HGDP01102 Tujia Tujia8
302 HGDP01103 Tujia Tujia9
303 HGDP01104 Tujia Tujia10
304 HGDP01179 Yi Yi1
305 HGDP01180 Yi Yi2
306 HGDP01181 Yi Yi3
307 HGDP01182 Yi Yi4
308 HGDP01183 Yi Yi5
309 HGDP01184 Yi Yi6
310 HGDP01185 Yi Yi7
311 HGDP01186 Yi Yi8
312 HGDP01187 Yi Yi9
313 HGDP01188 Yi Yi10
314 HGDP01213 Daur Daur1
315 HGDP01214 Daur Daur2
316 HGDP01215 Daur Daur3
317 HGDP01216 Daur Daur4
318 HGDP01217 Daur Daur5
319 HGDP01218 Daur Daur6
320 HGDP01220 Daur Daur7
321 HGDP01221 Daur Daur8
322 HGDP01222 Daur Daur9
323 HGDP01223 Mongola Mongola1
324 HGDP01225 Mongola Mongola2
325 HGDP01227 Mongola Mongola3
326 HGDP01228 Mongola Mongola4
327 HGDP01231 Mongola Mongola5
328 HGDP01232 Mongola Mongola6
329 HGDP01253 Mozabite Mozabite1
330 HGDP01254 Mozabite Mozabite2
331 HGDP01255 Mozabite Mozabite3
332 HGDP01256 Mozabite Mozabite4
333 HGDP01257 Mozabite Mozabite5
334 HGDP01258 Mozabite Mozabite6
335 HGDP01259 Mozabite Mozabite7
336 HGDP01262 Mozabite Mozabite8
337 HGDP01263 Mozabite Mozabite9
338 HGDP01264 Mozabite Mozabite10
339 HGDP01265 Mozabite Mozabite11
340 HGDP01268 Mozabite Mozabite12
341 HGDP01272 Mozabite Mozabite13
342 HGDP01274 Mozabite Mozabite14
343 HGDP01275 Mozabite Mozabite15
344 HGDP01276 Mozabite Mozabite16
345 HGDP01277 Mozabite Mozabite17
346 HGDP01278 Mozabite Mozabite18
347 HGDP01279 Mozabite Mozabite19
348 HGDP01280 Mozabite Mozabite20
349 HGDP01282 Mozabite Mozabite21
350 HGDP01317 Lahu Lahu1
351 HGDP01318 Lahu Lahu2
352 HGDP01319 Lahu Lahu3
353 HGDP01320 Lahu Lahu4
354 HGDP01321 Lahu Lahu5
355 HGDP01322 Lahu Lahu6
356 HGDP01323 Lahu Lahu7
357 HGDP01326 Lahu Lahu8
358 HGDP01337 Naxi Naxi1
359 HGDP01338 Naxi Naxi2
360 HGDP01339 Naxi Naxi3
361 HGDP01340 Naxi Naxi4
362 HGDP01341 Naxi Naxi5
363 HGDP01342 Naxi Naxi6
364 HGDP01344 Naxi Naxi7
365 HGDP01345 Naxi Naxi8
366 HGDP01346 Naxi Naxi9
367 HGDP01347 Tu Tu1
368 HGDP01348 Tu Tu2
369 HGDP01349 Tu Tu3
370 HGDP01350 Tu Tu4
371 HGDP01351 Tu Tu5
372 HGDP01352 Tu Tu6
373 HGDP01353 Tu Tu7
374 HGDP01354 Tu Tu8
375 HGDP01355 Tu Tu9
376 HGDP01356 Tu Tu10
447 iran11 Iranian Iranian1
443 iran14 Iranian Iranian2
448 iran16 Iranian Iranian3
449 iran17 Iranian Iranian4
442 iran19 Iranian Iranian5
444 iran2 Iranian Iranian6
445 iran20 Iranian Iranian7
446 iran3 Iranian Iranian8
499 Kusunda01 Kusunda Kusunda1
505 Kusunda02 Kusunda Kusunda2
500 Kusunda03 Kusunda Kusunda3
501 Kusunda04 Kusunda Kusunda4
496 Kusunda05 Kusunda Kusunda5
503 Kusunda07 Kusunda Kusunda6
494 Kusunda10 Kusunda Kusunda7
498 Kusunda11 Kusunda Kusunda8
513 Kusunda12 Kusunda Kusunda9
507 Kusunda15 Kusunda Kusunda10
454 mg22 Georgian Georgian1
458 mg23 Georgian Georgian2
462 mg27 Georgian Georgian3
464 mg31 Georgian Georgian4
466 mg34 Georgian Georgian5
468 mg40 Georgian Georgian6
450 mg43 Georgian Georgian7
452 mg47 Georgian Georgian8
455 mg49 Georgian Georgian9
459 mg62 Georgian Georgian10
476 NA00726 Korean Korean1
474 NA13607 Ami Ami1
477 NA13608 Ami Ami2
479 NA13609 Ami Ami3
480 NA13610 Ami Ami4
482 NA13611 Ami Ami5
484 NA13612 Ami Ami6
470 NA13613 Ami Ami7
472 NA13614 Ami Ami8
475 NA13615 Ami Ami9
478 NA13616 Ami Ami10
393 NA18501 Yoruba Yoruba22
394 NA18504 Yoruba Yoruba23
395 NA18505 Yoruba Yoruba24
396 NA18507 Yoruba Yoruba25
397 NA18508 Yoruba Yoruba26
398 NA18516 Yoruba Yoruba27
399 NA18517 Yoruba Yoruba28
400 NA18522 Yoruba Yoruba29
401 NA18852 Yoruba Yoruba30
402 NA18853 Yoruba Yoruba31
403 NA18855 Yoruba Yoruba32
404 NA18856 Yoruba Yoruba33
405 NA18858 Yoruba Yoruba34
406 NA18859 Yoruba Yoruba35
407 NA18861 Yoruba Yoruba36
408 NA18862 Yoruba Yoruba37
409 NA18870 Yoruba Yoruba38
410 NA18871 Yoruba Yoruba39
411 NA19093 Yoruba Yoruba40
412 NA19098 Yoruba Yoruba41
413 NA19099 Yoruba Yoruba42
414 NA19101 Yoruba Yoruba43
415 NA19102 Yoruba Yoruba44
416 NA19116 Yoruba Yoruba45
417 NA19119 Yoruba Yoruba46
418 NA19127 Yoruba Yoruba47
419 NA19128 Yoruba Yoruba48
420 NA19130 Yoruba Yoruba49
421 NA19131 Yoruba Yoruba50
422 NA19137 Yoruba Yoruba51
423 NA19138 Yoruba Yoruba52
424 NA19141 Yoruba Yoruba53
425 NA19143 Yoruba Yoruba54
426 NA19144 Yoruba Yoruba55
427 NA19159 Yoruba Yoruba56
428 NA19160 Yoruba Yoruba57
429 NA19171 Yoruba Yoruba58
430 NA19193 Yoruba Yoruba59
431 NA19201 Yoruba Yoruba60
432 NA19203 Yoruba Yoruba61
433 NA19204 Yoruba Yoruba62
434 NA19206 Yoruba Yoruba63
435 NA19207 Yoruba Yoruba64
436 NA19209 Yoruba Yoruba65
437 NA19210 Yoruba Yoruba66
438 NA19222 Yoruba Yoruba67
439 NA19223 Yoruba Yoruba68
440 NA19238 Yoruba Yoruba69
441 NA19239 Yoruba Yoruba70
481 ND13299 Korean Korean2
483 ND14916 Korean Korean3
485 ND15143 Korean Korean4
471 ND19394 Korean Korean5
473 ND22219 Korean Korean6
504 NOR101 Norwegian Norwegian1
502 NOR106 Norwegian Norwegian2
510 NOR107 Norwegian Norwegian3
508 NOR108 Norwegian Norwegian4
511 NOR109 Norwegian Norwegian5
514 NOR111 Norwegian Norwegian6
495 NOR119 Norwegian Norwegian7
497 NOR124 Norwegian Norwegian8
509 NOR126 Norwegian Norwegian9
506 NOR146 Norwegian Norwegian10
512 NOR148 Norwegian Norwegian11
382 Onge1 Onge Onge1
387 Onge12 Onge Onge2
388 Onge13 Onge Onge3
389 Onge14 Onge Onge4
390 Onge15 Onge Onge5
391 Onge16 Onge Onge6
392 Onge17 Onge Onge7
383 Onge2 Onge Onge8
384 Onge3 Onge Onge9
385 Onge7 Onge Onge10
386 Onge9 Onge Onge11
